Bd12,Ng10,Ng18,Ng20,Ng6,Ng7,Ng8,average
0.0,0.0,0.0,0.0,0.0,0.0,0.0,0.0
0.5769467528470299,0.4855340104647584,0.7383810403200985,0.03462603878116344,0.6857494613727301,0.7439212065250846,0.4667590027700831,0.5331310732972783
